title,is_redirect,redirect_target
Women In (E)motion,yes,Women in (E)motion
Women In Agriculture - United States,yes,Agriculture in the United States
Women In Astronomy Nepal,no,
Women In Astronomy Nepal (WIAN),yes,Women In Astronomy Nepal
Women In Bangladesh,yes,Women in Bangladesh
Women In Blue,yes,Women in Blue (film)
Women In Clothes,yes,Sheila Heti
"Women In Communications, Inc.",yes,Association for Women in Communications
Women In Development,yes,Women in development
Women In Film Noir,yes,Portrayal of women in film noir
Women In Hinduism,yes,Women in Hinduism
Women In Love,yes,Women in Love
Women In Love (Van Halen song),yes,Van Halen II
Women In Love (telenovela),yes,Mulheres Apaixonadas
Women In Military Service For America Memorial,yes,Military Women's Memorial
Women In Military Service For America Memorial Foundation,yes,Military Women's Memorial
Women In Prison Advocacy Network,yes,Women's Justice Network
Women In Red,yes,Women in Red
Women In Revolt,yes,Women in Revolt
Women In Tech,yes,Women in Tech
Women In Tech Africa,yes,Women in Tech Africa
Women In The Shadows,yes,Women in the Shadows
Women In Trouble,yes,Women in Trouble
"Women In Trucking Association, Inc",no,
Women in (E)motion,no,
Women in (E)motion (Ani DiFranco album),no,
Women in (E)motion (Odetta album),no,
Women in 17th-century New England,no,
Women in 18th century warfare,yes,Women in 18th-century warfare
Women in 18th-century warfare,no,
Women in 1930s Francoist Spain,no,
Women in 1940s Spain,no,
Women in 1950s Spain,no,
Women in 1960s Spain,no,
Women in 1970s Francoist Spain,no,
Women in 1970s Spain in the democratic transition,yes,Women in the Spanish democratic transition period
Women in 1980s Spain in the democratic transition,yes,Women in the Spanish democratic transition period
Women in 19th century warfare,yes,Women in warfare and the military in the 19th century
Women in 2014,yes,Women's rights in 2014
Women in 2023 Israel-Hamas war,yes,Women in the Gaza war
Women in 2023 Israel–Hamas war,yes,Women in the Gaza war
Women in AFP,yes,Women in the Philippine military
Women in Abkhazia,no,
Women in Abstraction,no,
Women in Acción Católica in Francoist Spain,yes,Women in Francoist Spain
Women in Afghanistan,no,
Women in Africa,no,
Women in African cinema,no,
Women in Albania,no,
Women in Algeria,no,
Women in America,yes,Women in the United States
Women in America: Indicators of Social and Economic Well-Being,no,
Women in American Radio,yes,Women in American radio
Women in American football,yes,List of female gridiron football players
Women in American history,yes,History of women in the United States
Women in American juries,yes,Women in United States juries
Women in American politics,yes,Politics of the United States
Women in American prisons,yes,Incarceration of women in the United States
Women in American radio,no,
Women in Amish Society,yes,Women in Amish society
Women in Amish society,no,
Women in Ancient Athens,yes,Women in classical Athens
Women in Ancient Egypt,yes,Women in ancient Egypt
Women in Ancient Greece,yes,Women in Greece
Women in Ancient Rome,yes,Women in ancient Rome
Women in Ancient Sparta,yes,Women in ancient Sparta
Women in Andorra,no,
Women in Anglo-Saxon society,no,
Women in Angola,no,
Women in Animation,no,
Women in Antarctica,no,
Women in Arab societies,yes,Women in the Arab world
Women in Argentina,no,
Women in Armenia,no,
Women in Arms,no,
Women in Arms (film),yes,Women in Arms
Women in Art,yes,Women artists
Women in Arts Award,no,
Women in Asia,no,
Women in Australia,no,
Women in Australian politics,yes,Women and government in Australia
Women in Austria,no,
Women in Automotive Industry,yes,Women in the automotive industry
Women in Aviation International,no,
Women in Aviation International Pioneer Hall of Fame,no,
"Women in Aviation, International",yes,Women in Aviation International
"Women in Aviation, International Pioneer Hall of Fame",yes,Women in Aviation International Pioneer Hall of Fame
Women in Azerbaijan,no,
Women in Aztec civilisation,yes,Women in Aztec civilization
Women in Aztec civilization,no,
Women in Bahrain,no,
Women in Bangladesh,no,
Women in Bangladesh Army,yes,Women in the Bangladesh military
Women in Bangladesh Police,yes,Women in the Bangladesh Police
Women in Belarus,no,
Women in Belfast,yes,Women in Northern Ireland
Women in Belgium,no,
Women in Belize,yes,Belize
Women in Benin,no,
Women in Bermuda,no,
Women in Bhutan,no,
Women in Black,no,
Women in Black of Wat Samian Nari,no,
Women in Bletchley Park,no,
Women in Blue,yes,India women's national cricket team
Women in Blue (TV series),yes,List of Apple TV original programming
Women in Blue (film),no,
Women in Bolivia,yes,Gender inequality in Bolivia
Women in Bondage,no,
Women in Bosnia,yes,Women in Bosnia and Herzegovina
Women in Bosnia and Herzegovina,no,
Women in Botswana,no,
Women in Brazil,yes,Women's rights in Brazil
Women in Brunei,no,
Women in Buddhism,no,
Women in Buddhist culture,yes,Women in Buddhism
Women in Bulgaria,no,
Women in Burma,yes,Women in Myanmar
Women in Burundi,no,
Women in Business Award,no,
Women in Business Romania,no,
Women in Business Romania (organization),yes,Women in Business Romania
Women in Business and Communication,yes,Women in business
Women in CNT in Francoist Spain,no,
Women in Cages,no,
Women in Cambodia,no,
Women in Canada,yes,History of women in Canada
Women in Canadian politics,no,
Women in Canadian provincial and territorial legislatures,no,
Women in Cell Biology,no,
Women in Cell Biology (WICB),yes,Women in Cell Biology
Women in Cell Biology Senior Award,yes,WICB Junior and Senior Awards
Women in Cell Block 7,no,
Women in Cellblock 9,no,
Women in Central America,yes,Women in the Americas
Women in Central Asia,yes,Women in Asia
Women in Chad,no,
Women in Chagos Islands,yes,Chagossians
Women in Chains,no,
Women in Chains (1973 film),yes,Black Mama White Mama
Women in Chemistry,yes,Women in chemistry
Women in Chile,no,
Women in China,no,
Women in China during the Second Sino-Japanese War,no,
Women in Chinese Government,yes,Women in Chinese government
Women in Chinese Literature,yes,Women writers in Chinese literature
Women in Chinese government,no,
Women in Chinese literature,yes,Women writers in Chinese literature
Women in Chinese politics,yes,Women in China
Women in Christian culture,yes,Women in Christianity
Women in Christianity,no,
Women in Christmas Island,yes,Christmas Island
Women in Church history,no,
Women in Cinema Collective,no,
Women in Classical Athens,yes,Women in classical Athens
Women in Cocos (Keeling) Islands,yes,Women in the Cocos (Keeling) Islands
Women in Cocos Islands,yes,Women in the Cocos (Keeling) Islands
Women in Colombia,no,
Women in Colonial America,yes,Colonial history of the United States
Women in Colonial Virginia,yes,Women of Colonial Virginia
Women in Combat,yes,Women in combat
Women in Combat Duty,yes,Women in combat
Women in Comisiones Obreras in Francoist Spain,yes,Workers' Commissions
Women in Communications,yes,Theta Sigma Phi
"Women in Communications, Inc.",yes,Theta Sigma Phi
Women in Comoros,yes,Women in the Comoros
Women in Computing,yes,Women in computing
Women in Confucianism,yes,Confucianism
Women in Congress,no,
Women in Congress (disambiguation),yes,Women in Congress
Women in Constitutional Movement,yes,Women in the Persian Constitutional Revolution
Women in Constitutional Revolution,yes,Women in the Persian Constitutional Revolution
Women in Cook Islands,yes,Women in the Cook Islands
Women in Cote d'Ivoire,yes,Women in Ivory Coast
Women in Crime Ink,no,
Women in Criminal Law,no,
Women in Croatia,no,
Women in Cuba,no,
Women in CyberSecurity,no,
Women in Cyprus,no,
Women in Côte d'Ivoire,yes,Women in Ivory Coast
Women in DSO,no,
Women in Daoism,yes,Women in Taoism
Women in Data,no,
Women in Data Science Initiative,no,
Women in Data®,yes,Women in Data
Women in Defense,no,
Women in Denmark,no,
Women in Development,yes,Women in development
Women in Distress,no,
Women in Docs,no,
Women in Docs (band),yes,Women in Docs
Women in ETA,no,
Women in Early Seventeenth Century New England,yes,Women in 17th-century New England
Women in East Asia,yes,Women in Asia
Women in East Timor,yes,Women in Timor-Leste
Women in Ecuador,no,
Women in Egypt,no,
Women in El Salvador,yes,Gender inequality in El Salvador
Women in Engineering,yes,Women in engineering
Women in England,no,
Women in Entertainment Power 100,yes,Power 100
Women in Eritrea,no,
Women in Estonia,no,
Women in Eswatini,yes,Human rights in Eswatini
Women in Ethiopia,no,
Women in Etruscan society,no,
Women in Euripides,no,
Women in Europe,no,
Women in Europe for a Common Future,yes,Women Engage for a Common Future
Women in Falange in Francoist Spain,yes,FET y de las JONS
Women in Faroe Islands,yes,Women in the Faroe Islands
Women in Fiji,no,
Women in Filipino art,yes,Women in Philippine art
Women in Filipino military,yes,Women in the Philippine military
Women in Filipino politics,yes,Women and government in the Philippines
Women in Film,yes,Women in film
Women in Film & Video Film Festival D.C.,no,
Women in Film & Video Television Women of Vision Award,yes,Women in Film & Video-DC Women of Vision Awards
Women in Film & Video-DC Women of Vision Awards,no,
Women in Film Award,yes,Women in Film Honors
Women in Film Awards Kenya,no,
Women in Film Crystal + Lucy Awards,yes,Women in Film Honors
Women in Film Guild Botswana,no,
Women in Film Guild Botswana (WIF Botswana),yes,Women in Film Guild Botswana
Women in Film Honors,no,
Women in Film Los Angeles,yes,Women in Film Honors
Women in Film Lucy Award,yes,Women in Film Honors
Women in Film Lucy Awards,yes,Women in Film Honors
Women in Film and TV Awards,yes,WFTV Awards
Women in Film and Television,yes,Women in Film and Television International
Women in Film and Television (South Africa),no,
Women in Film and Television International,no,
Women in Film and Television Kenya,no,
Women in Film and Television New Zealand Awards,no,
Women in Film and Television UK,yes,WFTV Awards
Women in Finland,no,
Women in Focus,no,
Women in Focus Society,yes,Women in Focus
Women in France,no,
Women in Francoist Spain,no,
Women in French Guiana,no,
Women in French Guyana,yes,Women in French Guiana
Women in Fridges,yes,Women in refrigerators
Women in Games,no,
Women in Games Jobs,yes,Women in Games
Women in Games WIGJ,yes,Women in Games
Women in Gaming: 100 Professionals of Play,yes,Meagan Marie
Women in Garbage,yes,Parks and Recreation season 5
Women in Georgia,yes,Women in Georgia (country)
Women in Georgia (country),no,
Women in German,no,
Women in German Studies,no,
Women in German history,yes,Women in German history series
Women in German history series,no,
Women in Germany,no,
Women in Ghana,no,
Women in Global Health,no,
Women in Governance,yes,Women in government
Women in Governance Award,yes,Women in Governance Awards
Women in Governance Awards,no,
Women in Greece,no,
Women in Green,yes,Women for Israel's Tomorrow
Women in Guam,no,
Women in Guam History,no,
Women in Guangxi,yes,Women in China
Women in Guatemala,yes,Violence against women in Guatemala
Women in Guyana,no,
Women in Haiti,no,
Women in Hawaii,no,
Women in Herzegovina,yes,Women in Bosnia and Herzegovina
Women in Herzegovina and Bosnia,yes,Women in Bosnia and Herzegovina
Women in Hindu culture,yes,Women in Hinduism
Women in Hinduism,no,
Women in HipHop,yes,Hip-hop
Women in Holland,yes,Feminism in the Netherlands
Women in Honduras,yes,Gender inequality in Honduras
Women in Hong Kong,no,
Women in Hospital,no,
Women in House of Representatives,yes,Women in the House of Representatives
Women in House of Representatives (disambiguation),yes,Women in the House of Representatives
Women in Housing and Finance,no,
Women in Hungarian Politics,yes,Women in Hungary
Women in Hungarian politics,yes,Women in Hungary
Women in Hungary,no,
Women in Iceland,no,
Women in Impact Wrestling,yes,TNA Knockouts
Women in India,no,
Women in Indian Armed Forces,yes,Women in the Indian Armed Forces
Women in Indian Army,yes,Women in the Indian Armed Forces
Women in Indian film,yes,List of Indian film actresses
Women in Indian politics,yes,Women's political participation in India
Women in Indonesia,no,
Women in Information and Computer Sciences,yes,Women in computing
Women in Inner Mongolia,yes,Women in China
Women in International Law,yes,Women in international law
Women in Iran,no,
Women in Iraq,no,
Women in Islam,no,
Women in Islamic culture,yes,Women in Islam
Women in Ismailism,no,
Women in Israel,no,
Women in Israeli local government,no,
Women in Italian neorealism,no,
Women in Italy,no,
Women in Ivory Coast,no,
Women in Jainism,yes,Women and religion
Women in Japan,no,
Women in Japanese politics,yes,Women in Japan
Women in Jazz,yes,Women in jazz
Women in Jewish culture,yes,Women in Judaism
Women in Jordan,no,
Women in Joseon,no,
Women in Journalism Oral History Project,yes,National Press Club (United States)
Women in Judaism,no,
Women in Kanglei civilisation,yes,Women in Meitei culture
Women in Kanglei civilization,yes,Women in Meitei culture
Women in Kanglei culture,yes,Women in Meitei culture
Women in Kazakhstan,no,
Women in Kenya,no,
Women in Kiribati,no,
Women in Korea,no,
Women in Korea (disambiguation),yes,Women in Korea
Women in Kosova,yes,Women in Kosovo
Women in Kosovo,no,
Women in Kurdistan,yes,Kurdish women
Women in Kuwait,no,
Women in Kyrgyzstan,no,
Women in Laos,no,
Women in Latin American music,yes,Women in Latin music
Women in Latin music,no,
Women in Latvia,no,
Women in Law & Development in Africa,no,
Women in Law Enforcement in the United States,yes,Women in policing in the United States
Women in Law and Development in Africa,yes,Women in Law & Development in Africa
Women in Law and Litigation,no,
Women in Leadership,yes,Women in positions of power
Women in League,no,
Women in League Round,yes,National Rugby League
Women in Lebanon,no,
Women in Lesotho,no,
Women in Liberia,yes,Gender inequality in Liberia
Women in Libya,no,
Women in Los Palaos Islands,yes,Women in Palau
Women in Love,no,
Women in Love (1969 film),yes,Women in Love (film)
Women in Love (1993 film),no,
Women in Love (TV series),no,
Women in Love (Van Halen song),yes,Van Halen II
Women in Love (disambiguation),no,
Women in Love (film),no,
Women in Love (telenovela),yes,Mulheres Apaixonadas
Women in Macao,yes,Women in Macau
Women in Macau,no,
Women in Macedonia,yes,Women in North Macedonia
Women in Madagascar,no,
Women in Malawi,yes,Malawi
Women in Malayalam literature,no,
Women in Malaysia,no,
Women in Maldives,yes,Women in the Maldives
Women in Mali,no,
Women in Malta,no,
Women in Maltese General Elections,yes,Women in Maltese general elections
Women in Maltese general elections,no,
"Women in Management, Business and Public Service",yes,WIMBIZ
"Women in Management, Business, and Public Service",yes,WIMBIZ
Women in Manipuri civilisation,yes,Women in Meitei culture
Women in Manipuri civilization,yes,Women in Meitei culture
Women in Manipuri culture,yes,Women in Meitei culture
Women in Manufacturing,no,
Women in Manufacturing (WiM),yes,Women in Manufacturing
Women in Marshall Islands,yes,Women in the Marshall Islands
Women in Math,yes,Timeline of women in mathematics
Women in Mathematics,yes,Timeline of women in mathematics
Women in Mathematics (book),no,
Women in Mauritania,no,
Women in Mauritius,no,
Women in Maya Society,yes,Women in Maya society
Women in Maya society,no,
Women in Media,yes,Women in media
Women in Medieval England,yes,History of women in the United Kingdom
Women in Medieval Scotland,yes,Women in medieval Scotland
Women in Meetei civilisation,yes,Women in Meitei culture
Women in Meetei civilization,yes,Women in Meitei culture
Women in Meetei culture,yes,Women in Meitei culture
Women in Meitei civilisation,yes,Women in Meitei culture
Women in Meitei civilization,yes,Women in Meitei culture
Women in Meitei culture,no,
Women in Meiteism,yes,Women in Meitei culture
Women in Mexico,no,
Women in Mexico 68,yes,Mexican Movement of 1968
Women in Micronesia,yes,Women in the Federated States of Micronesia
Women in Middle America,yes,Women in the Americas
Women in Middle-earth,yes,Women in The Lord of the Rings
Women in Military Service,yes,Women in the military
Women in Military Service Memorial,yes,Military Women's Memorial
Women in Military Service for America Memorial,yes,Military Women's Memorial
Women in Military Service for America Memorial Foundation,yes,Military Women's Memorial
"Women in Military Service for America Memorial Foundation, Inc.",yes,Military Women's Memorial
Women in Military Service for America Memorial commemorative dollar,yes,Women in Military Service for America Memorial silver dollar
Women in Military Service for America Memorial dollar,yes,Women in Military Service for America Memorial silver dollar
Women in Military Service for America Memorial silver dollar,no,
Women in Military Service for American Memorial,yes,Military Women's Memorial
Women in Military Service to America,yes,Military Women's Memorial
Women in Minnesota Government,yes,Women in Minnesota government
Women in Minnesota government,no,
Women in Modern Combat,yes,Women in combat
Women in Mongolia,no,
Women in Mongolian Parliament,yes,Women in the Mongolian Parliament
Women in Montenegro,no,
Women in Mormonism,yes,Mormonism and women
Women in Moroccan politics,yes,Women in Morocco
Women in Morocco,no,
Women in Muisca society,no,
Women in Music,yes,Women in music
Women in Music (periodical),no,
Women in Music Part III,yes,Women in Music Pt. III
Women in Music Pt. III,no,
"Women in Music, Pt. III",yes,Women in Music Pt. III
Women in Muslim societies,yes,Women in Islam
Women in Muslim society,yes,Women in Islam
Women in Myanmar,no,
Women in NASA,yes,Women at NASA
Women in NASCAR,yes,List of female NASCAR drivers
Women in Nagorno-Karabakh,yes,Women in the Republic of Artsakh
Women in Nagorno-Karabakh Republic,yes,Women in the Republic of Artsakh
Women in Namibia,no,
Women in Nazi Germany,no,
Women in Nepal,no,
Women in New Zealand,no,
Women in Niger,no,
Women in Nigeria,no,
Women in Nigeria (organization),no,
Women in Nigerian politics,yes,Women in Nigeria
Women in Ningxia,yes,Women in China
Women in Niue,no,
Women in North America,yes,Women in the Americas
Women in North Asia,yes,Women in Asia
Women in North Cyprus,yes,Women in Northern Cyprus
Women in North Korea,no,
Women in North Macedonia,no,
Women in Northern Cyprus,no,
Women in Northern Ireland,no,
Women in Norway,yes,Feminism in Norway
Women in Nuclear,no,
Women in Nuclear Canada,yes,Women in Nuclear
Women in Nuclear UK,yes,Women in Nuclear
Women in Oceania,no,
Women in Oman,no,
Women in Opus Dei,no,
Women in Oversized Men's Shirts,no,
Women in POUM in Francoist Spain,no,
Women in PSOE in Francoist Spain and the democratic transition,no,
Women in Pain,yes,Teddybears (band)
Women in Pakistan,no,
Women in Pakistan Armed Forces,yes,Women in the Pakistan Armed Forces
Women in Pakistan's Parliament,yes,Women in Pakistani politics
Women in Pakistani politics,no,
Women in Palau,no,
Women in Palestine,no,
Women in Panama,no,
Women in Paraguay,no,
Women in Parliament,no,
Women in Parliament (disambiguation),yes,Women in Parliament
Women in Parliaments,yes,Women Political Leaders
Women in Parliaments Global Forum,yes,Women Political Leaders
Women in Partido Comunista de España in Francoist Spain,no,
Women in Partido Obrero de Unificación Marxista,no,
Women in Partido Obrero de Unificación Marxista in the Spanish Civil War,yes,Women in Partido Obrero de Unificación Marxista
Women in Peace and Security Network,yes,Women's International League for Peace and Freedom
Women in Peace and Security Programme,yes,Women's International League for Peace and Freedom
Women in Persia,yes,Women in Iran
Women in Peru,no,
Women in Philippine art,no,
Women in Philippine politics,yes,Women and government in the Philippines
Women in Physics,yes,Women in science
Women in Poland,no,
Women in Portugal,no,
Women in Prehistory,yes,Women in prehistory
Women in Print Conference,no,
Women in Prison,yes,Women-in-prison film
Women in Prison (TV series),no,
Women in Prison (film),no,
Women in Product,no,
Women in Psychology,yes,List of women psychologists
Women in Publishing,no,
Women in Puerto Rico,yes,History of women in Puerto Rico
"Women in Punjab, India",no,
Women in Punk Rock,yes,Women in punk rock
Women in Puntland,yes,Women in Somalia
Women in Qatar,no,
Women in Quatar,yes,Women in Qatar
Women in Quran,yes,Women in the Quran
Women in Ralik-Ratak,yes,Women in the Marshall Islands
Women in Rarotonga,yes,Women in the Cook Islands
Women in Red,no,
Women in Refridgerator Syndrome,yes,Women in refrigerators
Women in Refrigerator,yes,Women in refrigerators
Women in Refrigerators,yes,Women in refrigerators
Women in Refrigerators (comics),yes,Women in refrigerators
Women in Refrigerators Syndrome,yes,Women in refrigerators
Women in Refrigerators syndrome,yes,Women in refrigerators
Women in Religion,yes,Women and religion
Women in Research Ireland,no,
Women in Revolt,no,
Women in Romania,yes,Human rights in Romania
Women in Rome,yes,Women in ancient Rome
Women in Rural Enterprise,yes,Harper Adams University
Women in Russia,no,
Women in Rālik-Ratak,yes,Women in the Marshall Islands
Women in SADR,yes,Women in the Sahrawi Arab Democratic Republic
Women in SF,yes,Women in speculative fiction
Women in STEM,no,
Women in STEM fields,yes,Women in STEM
Women in STEM fields in the United States,yes,Women in STEM
Women in Safavid Iran,no,
Women in Sahrawi Arab Democratic Republic,yes,Women in the Sahrawi Arab Democratic Republic
Women in San Marino,no,
Women in Saudi Arabia,yes,Women's rights in Saudi Arabia
Women in Science Day,yes,International Day of Women and Girls in Science
Women in Science Fiction,yes,Women in speculative fiction
Women in Science Hall of Fame (U.S. State Department),no,
"Women in Science, Technology, Engineering, and Mathematics",yes,Women in STEM
"Women in Science, Technology, Engineering, and Mathematics (United States)",yes,Women in STEM
Women in Scientific and Engineering Professions,no,
Women in Scotland,yes,Women in early modern Scotland
Women in Second Spanish Republic,yes,Women in the Second Spanish Republic
Women in Senate,yes,Women senators
Women in Senegal,no,
Women in Seventeenth Century New England,yes,Women in 17th-century New England
Women in Seychelles,no,
Women in Shahnameh,yes,List of women in the Shahnameh
Women in Shakespeare,yes,Women in Shakespeare's works
Women in Shakespeare's works,no,
Women in Shanghai,no,
Women in Shinto,no,
Women in Shorts,no,
Women in Sierra Leone,no,
Women in Sikhism,no,
Women in Singapore,no,
Women in Singapore politics,yes,Women in Singaporean politics
Women in Singaporean politics,no,
Women in Skirts,no,
Women in Slovakia,yes,Human rights in Slovakia
Women in Somalia,no,
Women in Somaliland,yes,Women in Somalia
Women in South Africa,no,
Women in South America,yes,Women in the Americas
Women in South Asia,yes,Women in Asia
Women in South Korea,no,
Women in South Korean comedy,yes,Women in comedy
Women in South Ossetia,yes,South Ossetia
Women in South Sudan,no,
Women in Southeast Asia,yes,Women in Asia
Women in Southern Sudan,yes,Women in South Sudan
Women in Space Program,yes,Mercury 13
Women in Spain,no,
Women in Sparta,yes,Women in ancient Sparta
Women in Sport,no,
Women in Sports Awards,yes,PSC Women in Sports Awards
Women in Sri Lanka,no,
Women in Sudan,no,
Women in Suriname,no,
Women in Sweden,no,
Women in Switzerland,no,
Women in Syria,no,
Women in Taipei,no,
Women in Taipei (TV series),yes,Women in Taipei
Women in Taiwan,no,
Women in Tajikistan,no,
Women in Tanzania,no,
Women in Taoism,no,
Women in Tech,no,
Women in Tech Africa,no,
Women in Technology,no,
Women in Technology (album),no,
Women in Technology (disambiguation),yes,Women in Technology
Women in Technology International,no,
Women in Technology International Hall of Fame,yes,List of Women in Technology International Hall of Fame inductees
Women in Technology and Science,no,
Women in Texas government,no,
Women in Thailand,no,
Women in The Lord of the Rings,no,
Women in Their Beds,no,
Women in Tibet,yes,Women in China
Women in Timor-Leste,no,
Women in Tobago,yes,Women in Trinidad and Tobago
Women in Tonga,no,
Women in Touch,yes,National Women's Register
Women in Transdniestria,yes,Women in Transnistria
Women in Transnistria,no,
Women in Trinidad,yes,Women in Trinidad and Tobago
Women in Trinidad and Tobago,no,
Women in Trouble,no,
Women in Tunisia,no,
Women in Turkey,no,
Women in Turkish parliament,yes,Women in Turkish politics
Women in Turkish politics,no,
Women in Turkmenistan,no,
Women in Tuvalu,no,
Women in UAE,yes,Women in the United Arab Emirates
Women in Uganda,no,
Women in Ukraine,no,
Women in Ukrainian politics,yes,Women in Ukraine
Women in Uniform,no,
Women in Unions in South Korea,yes,Women in unions in South Korea
Women in United States juries,no,
Women in United States prisons,yes,Incarceration of women in the United States
Women in Unión General de Trabajadores in Francoist Spain,no,
Women in Uruguay,no,
Women in Uzbekistan,no,
Women in Vanuatu,no,
Women in Vatican City,no,
Women in Venezuela,no,
Women in Vietnam,no,
Women in WWE,no,
Women in Wales,yes,History of women in the United Kingdom
Women in War,no,
Women in War (film),yes,Women in War
Women in Western Asia,yes,Women in Asia
Women in Western Sahara,yes,Women in the Sahrawi Arab Democratic Republic
Women in White,yes,Ladies in White
Women in World History,no,
Women in World History: A Biographical Encyclopedia,yes,Women in World History
Women in World History: a biographical encyclopedia,yes,Women in World History
Women in World Neuroscience,yes,International Brain Research Organization
Women in World War 1,yes,Women in World War I
Women in World War I,no,
Women in World War II,no,
Women in Xinjiang,yes,Women in China
Women in Yemen,no,
Women in Zambia,no,
Women in Zimbabwe,yes,Zimbabwe
Women in Zoroastrianism,no,
Women in a Celtic Church,no,
Women in a River Landscape,yes,Heinrich Böll
Women in acting,yes,Actor
Women in advertising,yes,Gender in advertising
Women in agriculture in Afghanistan,no,
Women in agriculture in China,no,
Women in agriculture in India,no,
Women in agriculture in Japan,no,
Women in agriculture in Papua New Guinea,yes,Agriculture in Papua New Guinea
Women in agriculture in the United Kingdom,no,
Women in agriculture in the United States,yes,Agriculture in the United States
Women in ancient Celtic societies,yes,Ancient Celtic women
Women in ancient China,yes,Women in ancient and imperial China
Women in ancient Egypt,no,
Women in ancient Greece,yes,Women in Greece
Women in ancient Iran,yes,Women in Iran
Women in ancient Rome,no,
Women in ancient Sparta,no,
Women in ancient and imperial China,no,
Women in ancient warfare,no,
Women in ancient warfare by period,yes,Women in ancient warfare
Women in archaeology,no,
Women in architecture,no,
Women in art,no,
Women in art history,yes,Women in the art history field
Women in art history professions,yes,Women in the art history field
Women in astronautics,yes,Women in space
Women in aviation,no,
Women in ballet,yes,Women in dance
Women in baseball,no,
Women in basketball,yes,Women's basketball
Women in bodybuilding,yes,Female bodybuilding
Women in boxing,yes,Women's boxing
Women in brewing,no,
Women in business,no,
Women in cannabis,yes,Women in the cannabis industry
Women in chains,yes,Women in Chains
Women in chemistry,no,
Women in chess,no,
Women in cinema collective,yes,Women in Cinema Collective
Women in classical Athens,no,
Women in classical athens,yes,Women in classical Athens
Women in classical music,no,
Women in climate change,no,
Women in combat,no,
Women in comedy,no,
Women in comic books,yes,Women in comics
Women in comics,no,
Women in comics (disambiguation),yes,Women in comics
Women in computer science,yes,Women in computing
Women in computing,no,
Women in computing in Canada,no,
Women in conducting,yes,Women in music
Women in conservatism in the United States,no,
Women in cooperatives,no,
Women in cuba,yes,Women in Cuba
Women in dance,no,
Women in death care in the United States,no,
Women in dentistry,no,
Women in dentistry in the United States,no,
Women in development,no,
Women in development (WID),yes,Women in development
Women in development approach,yes,Women in development
Women in diplomacy,yes,Women in government
Women in documentary film,no,
Women in early Germanic culture,yes,Early Germanic culture
Women in early modern Scotland,no,
Women in early modern warfare,yes,Women in warfare (1500–1699)
Women in early radio,no,
Women in economics,no,
Women in education,yes,Female education
Women in education in Ethiopia,no,
Women in education in Nigeria,yes,Female education in Nigeria
Women in education in the United States,yes,Women's education in the United States
Women in el salvador,yes,Gender inequality in El Salvador
Women in engineering,no,
Women in engineering in Canada,yes,Women in engineering
Women in engineering in the United Kingdom,yes,Women in engineering
Women in engineering in the United States,no,
Women in equestrianism,no,
Women in exile during Francoist Spain,no,
Women in film,no,
Women in film noir,yes,Portrayal of women in film noir
Women in firefighting,no,
Women in geology,no,
Women in global environmental change,yes,Women in climate change
Women in government,no,
Women in governments of Israel,no,
Women in grunge,yes,Grunge
Women in hardcore punk,yes,Women in punk rock
Women in heavy metal,yes,Heavy metal music
Women in heraldry,no,
Women in hip hop,yes,Hip-hop
Women in hip-hop in South Africa,no,
Women in hip-hop videos,yes,Video vixen
Women in horror films,yes,Gender in horror films
Women in international law,no,
Women in islam,yes,Women in Islam
Women in jazz,no,
Women in journalism,no,
Women in journalism and media professions,yes,Women in journalism
Women in juries,yes,Women in United States juries
Women in kurdistan,yes,Kurdish women
Women in labor unions,no,
Women in law,no,
Women in law enforcement,no,
Women in law enforcement in India,yes,Law enforcement in India
Women in law enforcement in Poland,yes,Women in law enforcement
Women in law enforcement in Sweden,yes,Women in Sweden
Women in law enforcement in the United Kingdom,yes,Women in policing in the United Kingdom
Women in law enforcement in the United States,yes,Women in policing in the United States
Women in law in Canada,no,
Women in law in Japan,no,
Women in law in the United Kingdom,no,
Women in leadership,yes,Women in positions of power
Women in literature,yes,Women writers
Women in love,yes,Women in Love
Women in malayalam literature,yes,Women in Malayalam literature
Women in mass media,yes,Exploitation of women in mass media
Women in mathematics,yes,Timeline of women in mathematics
Women in mathematics in the United States,yes,Timeline of women in mathematics in the United States
Women in mathematics timeline,yes,Timeline of women in mathematics
Women in media,no,
Women in medical philanthropy in California,no,
Women in medicine,no,
Women in medieval England,yes,History of women in the United Kingdom
Women in medieval Scotland,no,
Women in militaries,yes,Women in the military
Women in military service,yes,Women in the military
Women in ministry,yes,Ordination of women
Women in modern pre-Second Republic Spain,no,
Women in music,no,
Women in music (disambiguation),no,
Women in music education,no,
Women in musicology,no,
Women in muslim societies,yes,Women in Islam
Women in national parliament,yes,Women in government
Women in nursing,no,
Women in office,yes,Women in government
Women in peace research,yes,Feminist peace research
Women in peacekeeping,no,
Women in peril,yes,Damsel in distress
Women in pharmacy,no,
Women in philosophy,no,
Women in photography,yes,Women photographers
Women in physics,no,
Women in physiology,yes,Physiology
Women in piracy,no,
Women in policing,yes,Women in law enforcement
Women in policing in Canada,yes,Women in law enforcement
Women in policing in Germany,yes,Law enforcement in Germany
Women in policing in Jordan,yes,Law enforcement in Jordan
Women in policing in the United Kingdom,no,
Women in policing in the United States,no,
Women in politics,yes,Women in government
Women in politics in France,no,
Women in polygyny,yes,Polygyny
Women in pop,yes,Women in rock
Women in positions of power,no,
Women in post-classical warfare,no,
Women in poverty,yes,Feminization of poverty
Women in pre-Islamic Arabia,no,
Women in prehistory,no,
Women in print movement,no,
Women in prison,yes,Incarceration of women
Women in prison film,yes,Women-in-prison film
Women in prison films,yes,Women-in-prison film
Women in prison in the United States,yes,Incarceration of women in the United States
Women in professional wrestling,yes,Women's professional wrestling
Women in psychology,yes,List of women psychologists
Women in punk,yes,Women in punk rock
Women in punk rock,no,
Women in refrigerators,no,
Women in religion,yes,Women and religion
Women in revolt,yes,Women in Revolt
Women in rock,no,
Women in rock music,yes,Women in rock
Women in rural enterprise,yes,Harper Adams University
Women in scant armor,yes,Gender representation in video games
Women in scant armour,yes,Gender representation in video games
Women in scanty armor,yes,Gender representation in video games
Women in scanty armour,yes,Gender representation in video games
Women in science,no,
Women in science (disambiguation),no,
Women in science fiction,yes,Women in speculative fiction
"Women in science, engineering and technology",yes,Women in STEM
"Women in science, engineering, and technology",yes,Women in STEM
"Women in science, technology, engineering, and mathematics (United States)",yes,Women in STEM
Women in senate,yes,Women senators
Women in service during World War I,yes,Women in World War I
Women in soccer,yes,Women's association football
Women in solitary confinement,yes,Solitary confinement of women in the United States
Women in space,no,
Women in space (disambiguation),no,
Women in speculative fiction,no,
Women in sport,yes,Women's sports
Women in sports,yes,Women's sports
Women in state legislative assemblies of Malaysia,no,
Women in stem fields,yes,Women in STEM
Women in surfing,yes,Surf culture
Women in telegraphy,no,
Women in the 14th Canadian Parliament,no,
Women in the 14th-29th Canadian Parliaments,yes,Women in the 28th–32nd Canadian Parliaments
Women in the 14th-30th Canadian Parliaments,yes,Women in the 28th–32nd Canadian Parliaments
Women in the 14th-32nd Canadian Parliaments,yes,Women in the 28th–32nd Canadian Parliaments
Women in the 14th–29th Canadian Parliaments,yes,Women in the 28th–32nd Canadian Parliaments
Women in the 14th–30th Canadian Parliaments,yes,Women in the 28th–32nd Canadian Parliaments
Women in the 14th–32nd Canadian Parliaments,yes,Women in the 28th–32nd Canadian Parliaments
Women in the 15th Canadian Parliament,no,
Women in the 16th Canadian Parliament,no,
Women in the 17th Canadian Parliament,no,
Women in the 1800s,yes,Women in the Victorian era
Women in the 18th Canadian Parliament,no,
Women in the 1970s,yes,1970s
Women in the 19th Canadian Parliament,no,
Women in the 19th century,yes,Women in the Victorian era
Women in the 2022 Russian invasion of Ukraine,yes,Women in the Russian invasion of Ukraine
Women in the 2023 Israel-Hamas war,yes,Women in the Gaza war
Women in the 2023 Israel–Hamas war,yes,Women in the Gaza war
Women in the 20th Canadian Parliament,no,
Women in the 21st Canadian Parliament,no,
Women in the 22nd Canadian Parliament,no,
Women in the 23rd Canadian Parliament,no,
Women in the 24th Canadian Parliament,no,
Women in the 25th Canadian Parliament,no,
Women in the 26th Canadian Parliament,no,
Women in the 27th Canadian Parliament,no,
Women in the 27th-32nd Canadian Parliaments,yes,Women in the 28th–32nd Canadian Parliaments
Women in the 27th–32nd Canadian Parliaments,yes,Women in the 28th–32nd Canadian Parliaments
Women in the 28th-32nd Canadian Parliaments,yes,Women in the 28th–32nd Canadian Parliaments
Women in the 28th–32nd Canadian Parliaments,no,
Women in the 39th Canadian Parliament,no,
Women in the 40th Canadian Parliament,no,
Women in the 41st Canadian Parliament,no,
Women in the 42nd Canadian Parliament,no,
Women in the 43rd Canadian Parliament,no,
Women in the 44th Canadian Parliament,no,
Women in the 45th Canadian Parliament,no,
Women in the ADF,yes,Women in the Australian military
Women in the AFP,yes,Women in the Philippine military
Women in the Achaemenid Empire,yes,Achaemenid Empire
Women in the Air Force,yes,Women's Air Force
Women in the Air Force (WAF),yes,Women's Air Force
Women in the Airforce,yes,Women Airforce Service Pilots
Women in the Algerian War,no,
Women in the Algerian War of National Liberation,yes,Women in the Algerian War
Women in the Algerian army,yes,Women in the military by country
Women in the American Civil War,yes,Gender issues in the American Civil War
Women in the American Revolution,no,
Women in the American Revolutionary War,yes,Women in the American Revolution
Women in the Americas,no,
Women in the Arab Spring,no,
Women in the Arab world,no,
Women in the Armed Forces in Russia,yes,Women in the Russian and Soviet military
Women in the Armed Forces of Armenia,yes,Armed Forces of Armenia
Women in the Armed Forces of the Philippines,yes,Women in the Philippine military
Women in the Armed Forces of the Republic of Kazakhstan,yes,Armed Forces of the Republic of Kazakhstan
Women in the Armed Forces of the Russian Republic,yes,Women in the Russian and Soviet military
Women in the Armed Forces of the Soviet Union,yes,Women in the Russian and Soviet military
Women in the Australian Defence Force,yes,Women in the Australian military
Women in the Australian Defense Force,yes,Women in the Australian military
Women in the Australian House of Representatives,no,
Women in the Australian Senate,no,
Women in the Australian military,no,
Women in the Azerbaijani Armed Forces,yes,Azerbaijani Armed Forces
Women in the Bangladesh Armed Forces,yes,Women in the Bangladesh military
Women in the Bangladesh Army,yes,Women in the Bangladesh military
Women in the Bangladesh Police,no,
Women in the Bangladesh military,no,
Women in the Basque Nationalist Party in Francoist Spain,no,
Women in the Bengali language movement,no,
Women in the Bible,no,
Women in the Black Panther Party,yes,Black Panther Party
Women in the Brazilian Congress,no,
Women in the British House of Commons,yes,Women in the House of Commons of the United Kingdom
Women in the British Indian Ocean Territory,yes,Chagossians
Women in the British Virgin Islands,no,
Women in the Bundeswehr,yes,Bundeswehr
Women in the Byzantine Empire,no,
Women in the California Gold Rush,yes,Women in the California gold rush
Women in the California gold rush,no,
Women in the Canadian Armed Forces,yes,Women in the military in the Americas
Women in the Caribbean,no,
Women in the Carribean,yes,Women in the Caribbean
Women in the Catholic Church,no,
Women in the Central Armed Police Forces,yes,Central Armed Police Forces
Women in the Chagos Archipelago,yes,Chagossians
Women in the Chicano art movement,yes,Chicano art movement
Women in the Church,yes,Women in Christianity
Women in the Cocos (Keeling) Islands,no,
Women in the Cocos Islands,yes,Women in the Cocos (Keeling) Islands
Women in the Communist Party of Spain,no,
Women in the Communist Party of Spain in the Spanish Civil War,yes,Women in the Communist Party of Spain
Women in the Comoros,no,
Women in the Confederación Nacional del Trabajo,no,
Women in the Confederación Nacional del Trabajo in the Spanish Civil War,yes,Women in the Confederación Nacional del Trabajo
Women in the Cook Islands,no,
Women in the Crossfire,no,
Women in the Crossfire: Understanding and Ending Honor Killing,yes,Women in the Crossfire
Women in the Crusades,no,
Women in the Cuban Revolution,no,
Women in the Czech Republic,no,
Women in the Democratic Republic of the Congo,no,
Women in the Dewan Negara,no,
Women in the Dewan Rakyat,no,
Women in the Dominican Republic,no,
Women in the EZLN,no,
Women in the Early Church,yes,Elizabeth A. Clark
Women in the Enlightenment,no,
Women in the Etruscan society,yes,Women in Etruscan society
Women in the FBP,no,
Women in the FMLN,no,
Women in the Faroe Islands,no,
Women in the Federación Anarquista Ibérica,no,
Women in the Federación Anarquista Ibérica in the Spanish Civil War,yes,Women in the Federación Anarquista Ibérica
Women in the Federated States of Micronesia,no,
Women in the First Intifada,no,
Women in the First World War,yes,Women in World War I
Women in the French National Assembly,no,
Women in the French Resistance,no,
Women in the French Revolution,no,
Women in the French Senate,no,
Women in the Garden,no,
Women in the Gaza war,no,
Women in the Great Depression,yes,Women's history
Women in the Gulf War,no,
Women in the Guru Granth Sahib,no,
Women in the Haitian Revolution,no,
Women in the Hawaii Territorial Legislature,no,
Women in the Hebrew Bible,yes,Women in the Bible
Women in the House,no,
Women in the House (disambiguation),yes,Women in the House
Women in the House of Commons of Northern Ireland,yes,List of female members of the Parliament of Northern Ireland
Women in the House of Commons of the United Kingdom,no,
Women in the House of Lords,no,
Women in the House of Representatives,no,
Women in the House of Representatives (disambiguation),yes,Women in the House of Representatives
Women in the House of Representatives of Jamaica,no,
Women in the IDF,yes,Women in the Israel Defense Forces
Women in the Indian Armed Forces,no,
Women in the Indian Army,yes,Women in the Indian Armed Forces
Women in the Indian Police Service,yes,Indian Police Service
Women in the Internal conflict in Peru,yes,Women in the internal conflict in Peru
Women in the Iran-Iraq War,yes,Women in the Iran–Iraq War
Women in the Iranian Constitutional Revolution,yes,Women in the Persian Constitutional Revolution
Women in the Iranian Revolution,yes,Iranian Revolution
Women in the Iran–Iraq War,no,
Women in the Iron Swords War,yes,Women in the Gaza war
Women in the Islamic Consultative Assembly,no,
Women in the Israel Defense Forces,no,
Women in the Israel-Hamas war,yes,Women in the Gaza war
Women in the Israeli Defense Forces,yes,Women in the Israel Defense Forces
Women in the Israeli military,yes,Women in the Israel Defense Forces
Women in the Israeli-Palestinian conflict,yes,Women in the Arab world
Women in the Israel–Hamas war,yes,Women in the Gaza war
Women in the Italian Resistance,yes,History of women in the Italian Resistance
Women in the Italian Resistance during World War II,yes,History of women in the Italian Resistance
Women in the Johor State Legislative Assembly,yes,Women in state legislative assemblies of Malaysia
Women in the Joseon Dynasty,yes,Women in Joseon
Women in the Kedah State Legislative Assembly,yes,Women in state legislative assemblies of Malaysia
Women in the Keeling Islands,yes,Women in the Cocos (Keeling) Islands
Women in the Kelantan State Legislative Assembly,yes,Women in state legislative assemblies of Malaysia
Women in the Malacca State Legislative Assembly,yes,Women in state legislative assemblies of Malaysia
Women in the Maldives,no,
Women in the Maoist People's War of Nepal,yes,Women in the Nepalese Civil War
Women in the Marshall Islands,no,
Women in the Mexican Drug War,yes,Women in the Mexican drug war
Women in the Mexican drug war,no,
Women in the Mexican-American War,yes,Women in the Mexican–American War
Women in the Mexican–American War,no,
Women in the Middle Ages,no,
Women in the Middle East,yes,Human rights in the Middle East
Women in the Mirror,no,
Women in the Mongol Empire,no,
Women in the Mongolian Armed Forces,yes,Mongolian Armed Forces
Women in the Mongolian Parliament,no,
Women in the Montana government,no,
Women in the Mormon Church,yes,Mormonism and women
Women in the Muslim world,yes,Islamic world
Women in the Myanmar civil war (2021-present),yes,Women in the Myanmar civil war (2021–present)
Women in the Myanmar civil war (2021–present),no,
Women in the Nagorno-Karabakh Republic,yes,Women in the Republic of Artsakh
Women in the National Park Service,no,
Women in the National Parliament of Papua New Guinea,no,
Women in the National Police of the Philippines,yes,Women in the Philippine National Police
Women in the Negeri Sembilan State Legislative Assembly,yes,Women in state legislative assemblies of Malaysia
Women in the Nepalese Civil War,no,
Women in the Netherlands,yes,Feminism in the Netherlands
Women in the New South Wales Legislative Assembly,no,
Women in the New South Wales Legislative Council,no,
Women in the New Testament,yes,Women in the Bible
Women in the Nicaraguan Revolution,yes,Role of women in the Nicaraguan Revolution
Women in the Night,no,
Women in the North America Funeral Industry,yes,Women in death care in the United States
Women in the North Korean Revolution,no,
Women in the Northern Ireland House of Commons,yes,List of female members of the Parliament of Northern Ireland
Women in the Ottoman Empire,no,
Women in the PNP,yes,Women in the Philippine National Police
Women in the Pahang State Legislative Assembly,yes,Women in state legislative assemblies of Malaysia
Women in the Pakistan Air Force,yes,Women in the Pakistan Armed Forces
Women in the Pakistan Armed Forces,no,
Women in the Pakistani Armed Forces,yes,Women in the Pakistan Armed Forces
Women in the Pakistani military,yes,Women in the Pakistan Armed Forces
Women in the Palestinian State,yes,Women in Palestine
Women in the Palestinian territories,yes,Women in Palestine
Women in the Paraguayan War,yes,Paraguayan War
Women in the Paris Commune,no,
Women in the Park,no,
Women in the Parliament of Afghanistan,no,
Women in the Parliament of Iran,yes,Women in the Islamic Consultative Assembly
Women in the Parliament of Sri Lanka,yes,Women in the Sri Lankan Parliament
Women in the Parsi community,no,
Women in the Parthian Empire,yes,Parthian Empire
Women in the Patristic age,yes,Women in the patristic age
Women in the Penang State Legislative Assembly,yes,Women in state legislative assemblies of Malaysia
Women in the People's Republic of China,yes,Women in China
Women in the Perak State Legislative Assembly,yes,Women in state legislative assemblies of Malaysia
Women in the Perlis State Legislative Assembly,yes,Women in state legislative assemblies of Malaysia
Women in the Persian Constitutional Revolution,no,
Women in the Philippine Armed Forces,yes,Women in the Philippine military
Women in the Philippine Army,yes,Women in the Philippine military
Women in the Philippine Marine Corps,yes,Women in the Philippine military
Women in the Philippine National Police,no,
Women in the Philippine Navy,yes,Women in the Philippine military
Women in the Philippine Senate,yes,List of female senators of the Philippines
Women in the Philippine government,yes,Women and government in the Philippines
Women in the Philippine military,no,
Women in the Philippine police force,yes,Women in the Philippine National Police
Women in the Philippines,no,
Women in the Philipppine Air Force,yes,Women in the Philippine military
Women in the Polish Army,no,
Women in the Popular Front in the Spanish Civil War,no,
Women in the Pridnestrovian Moldavian Republic,yes,Women in Transnistria
Women in the Prison,no,
Women in the Protestant Reformation,no,
Women in the Queensland Legislative Assembly,no,
Women in the Qur'an,yes,Women in the Quran
Women in the Quran,no,
Women in the Red Army,yes,Women in the Russian and Soviet military
Women in the Reformation,yes,Women in the Protestant Reformation
Women in the Refrigerator,yes,Women in refrigerators
Women in the Republic of Artsakh,no,
Women in the Republic of China,yes,Women in Taiwan
Women in the Republic of Macedonia,yes,Women in North Macedonia
Women in the Republic of South Sudan,yes,Women in South Sudan
Women in the Roaring Twenties,yes,Roaring Twenties
Women in the Roman Catholic Church,yes,Women in the Catholic Church
Women in the Roman Empire,yes,Women in ancient Rome
Women in the Royal Canadian Mounted Police,yes,Royal Canadian Mounted Police
Women in the Royal Oman Police,yes,Royal Oman Police
Women in the Russian Revolution,no,
Women in the Russian and Soviet military,no,
Women in the Russian invasion of Ukraine,no,
Women in the Russian invasion of Ukraine (2022-present),yes,Women in the Russian invasion of Ukraine
Women in the Russian invasion of Ukraine (2022–present),yes,Women in the Russian invasion of Ukraine
Women in the SADR,yes,Women in the Sahrawi Arab Democratic Republic
Women in the Sabah State Legislative Assembly,yes,Women in state legislative assemblies of Malaysia
Women in the Safavid Empire,yes,Women in Safavid Iran
Women in the Sahrawi Arab Democratic Republic,no,
Women in the Sarawak State Legislative Assembly,yes,Women in state legislative assemblies of Malaysia
Women in the Sasanian Empire,no,
Women in the Sasanian Society,yes,Women in the Sasanian Empire
Women in the Sassanid Empire,yes,Women in the Sasanian Empire
Women in the Second Spanish Republic,no,
Women in the Selangor State Legislative Assembly,yes,Women in state legislative assemblies of Malaysia
Women in the Senate,yes,Women senators
Women in the Senate (disambiguation),yes,Women senators
Women in the Senate of France,yes,Women in the French Senate
Women in the Senate of the Philippines,yes,List of female senators of the Philippines
Women in the Seychelles,yes,Women in Seychelles
Women in the Shadows,no,
Women in the South Australian House of Assembly,no,
Women in the South Australian Legislative Council,no,
Women in the Soviet Armed Forces,yes,Women in the Russian and Soviet military
Women in the Soviet Union,yes,Women in Russia
Women in the Soviet partisans,yes,Soviet women in World War II
Women in the Soviet-Afghan War,yes,Women in the Soviet–Afghan War
Women in the Soviet–Afghan War,no,
Women in the Spanish Civil War,no,
Women in the Spanish Socialist Workers' Party,no,
Women in the Spanish Socialist Workers' Party in the Spanish Civil War,yes,Women in the Spanish Socialist Workers' Party
Women in the Spanish democratic transition period,no,
Women in the Sri Lankan Civil War,no,
Women in the Sri Lankan Parliament,no,
Women in the State of Palestine,yes,Women in Palestine
Women in the Sun,no,
Women in the Tasmanian House of Assembly,no,
Women in the Tasmanian Legislative Council,no,
Women in the Terengganu State Legislative Assembly,yes,Women in state legislative assemblies of Malaysia
Women in the Third Reich,yes,Women in Nazi Germany
Women in the U S Judiciary,yes,Women in the United States judiciary
Women in the U. S. Judiciary,yes,Women in the United States judiciary
Women in the U.S. Judiciary,yes,Women in the United States judiciary
Women in the U.S. Labor Force after World War II through 1950,yes,Women in the United States labor force from 1945 to 1950
Women in the U.S. Navy,yes,Women in the United States Navy
Women in the U.S. Virgin Islands,yes,Women in the United States Virgin Islands
Women in the U.S. military,yes,Women in the military in the Americas
Women in the UAE,yes,Women in the United Arab Emirates
Women in the UK,yes,History of women in the United Kingdom
Women in the US,yes,Women in the United States
Women in the US Judiciary,yes,Women in the United States judiciary
Women in the US Senate,yes,Women in the United States Senate
Women in the US military,yes,Women in the United States military
Women in the USSR,yes,Women in the Russian Revolution
Women in the Ukrainian military,no,
Women in the United Arab Emirates,no,
Women in the United Kingdom,yes,History of women in the United Kingdom
Women in the United States,no,
Women in the United States Air Force,no,
Women in the United States Armed Forces,yes,United States Armed Forces
Women in the United States Army,no,
Women in the United States Coast Guard,no,
Women in the United States Congress,yes,United States Congress
Women in the United States House of Representatives,no,
Women in the United States Judiciary,yes,Women in the United States judiciary
Women in the United States Marine Corps,no,
Women in the United States Marines,yes,Women in the United States Marine Corps
Women in the United States National Guard,yes,United States Armed Forces
Women in the United States Navy,no,
Women in the United States Prohibition movement,no,
Women in the United States Revolution,yes,Women in the American Revolution
Women in the United States Senate,no,
Women in the United States Space Force,no,
Women in the United States Virgin Islands,no,
Women in the United States government,yes,Women in government
Women in the United States judiciary,no,
Women in the United States labor force from 1945 to 1950,no,
Women in the United States military,no,
Women in the United States military (disambiguation),yes,Women in the United States military
Women in the United States of America,yes,Women in the United States
Women in the Vatican,yes,Women in Vatican City
Women in the Victorian Era,yes,Women in the Victorian era
Women in the Victorian Legislative Assembly,no,
Women in the Victorian Legislative Council,no,
Women in the Victorian era,no,
Women in the Viet Cong,yes,Women in the Vietnam War
Women in the Vietnam War,no,
Women in the Virgin Islands of the United States,yes,Women in the United States Virgin Islands
Women in the War in Donbas,yes,Women in the war in Donbas
Women in the War of the Triple Alliance,yes,Paraguayan War
Women in the West Indies,yes,Women in the Caribbean
Women in the Western Australian Legislative Assembly,no,
Women in the Western Australian Legislative Council,no,
Women in the Western Sahara,no,
Women in the Wind,no,
Women in the Wind (motorcycle club),no,
Women in the Wind (organization),yes,Women in the Wind (motorcycle club)
Women in the Wind MC,yes,Women in the Wind (motorcycle club)
Women in the Workforce,yes,Women in the workforce
Women in the World,no,
Women in the World Foundation,yes,Women in the World
Women in the World Wars,yes,Women in the world wars
Women in the Yugoslav Partisans,yes,Yugoslav Partisans
Women in the army,yes,Women in the military
Women in the art history field,no,
Women in the arts,yes,Women artists
Women in the automotive industry,no,
Women in the cannabis industry,no,
Women in the comics,yes,Women in comics
Women in the decolonisation of Africa,no,
Women in the decolonization of Africa,yes,Women in the decolonisation of Africa
Women in the drug economy in the United States,no,
Women in the early East L. A. punk scene,no,
Women in the enlightenment,yes,Women in the Enlightenment
Women in the former Soviet Union,yes,Women in Russia
Women in the funeral industry,yes,Women in death care in the United States
Women in the history of philosophy,yes,Women in philosophy
Women in the house of commons,yes,Women in the House of Commons of the United Kingdom
Women in the internal conflict in Peru,no,
Women in the legal profession,yes,Women in law
Women in the media,yes,Women in journalism
Women in the medical professions,yes,Women in medicine
Women in the medical services in the American Civil War,yes,Medicine in the American Civil War
Women in the military,no,
Women in the military by country,no,
Women in the military in Europe,no,
Women in the military in the Americas,no,
Women in the military in the Philippines,yes,Women in the Philippine military
Women in the miltary,yes,Women in the military
Women in the paraguayan war,yes,Paraguayan War
Women in the patristic age,no,
Women in the punk scene,yes,Riot grrrl
Women in the refrigerator,yes,Women in refrigerators
Women in the sciences,yes,Women in STEM
Women in the second world war,yes,Women in World War II
Women in the senate,yes,Women senators
Women in the telegraph industry,yes,Women in telegraphy
Women in the united states navy,yes,Women in the United States Navy
Women in the victorian era,yes,Women in the Victorian era
Women in the video game industry,yes,Women and video games
Women in the war in Donbas,no,
Women in the war in Donbas (2014-2022),yes,Women in the war in Donbas
Women in the war in Donbas (2014–2022),yes,Women in the war in Donbas
Women in the workforce,no,
Women in the workforce in Francoist Spain,no,
Women in the workplace,yes,Women in the workforce
Women in the world wars,no,
Women in the yellow vests movement,no,
Women in touch,yes,National Women's Register
Women in trousers,yes,Trousers as women's clothing
Women in unions in South Korea,no,
Women in venture capital,no,
Women in victorianism,yes,Women in the Victorian era
Women in video games,yes,Gender representation in video games
Women in war,no,
Women in war posters,yes,Propaganda
Women in warfare,yes,Women in war
Women in warfare (1500-1699),yes,Women in warfare (1500–1699)
Women in warfare (1500–1699),no,
Women in warfare (1750 - 1799),yes,Women in 18th-century warfare
Women in warfare (1750-1799),yes,Women in 18th-century warfare
Women in warfare (1750–1799),yes,Women in 18th-century warfare
Women in warfare (1900-1914),yes,Women in warfare and the military (1900–1945)
Women in warfare (1900-1939),yes,Women in warfare and the military (1900–1945)
Women in warfare (1900–1939),yes,Women in warfare and the military (1900–1945)
Women in warfare (1918-1939),yes,Women in warfare and the military (1900–1945)
Women in warfare (1945-1999),yes,Women in warfare and the military (1945–1999)
Women in warfare (1945–1999),yes,Women in warfare and the military (1945–1999)
Women in warfare (2000-present),yes,Women in warfare and the military (2000–present)
Women in warfare (2000–present),yes,Women in warfare and the military (2000–present)
Women in warfare and the military (1750-1799),yes,Women in 18th-century warfare
Women in warfare and the military (1750-99),yes,Women in 18th-century warfare
Women in warfare and the military (1750–1799),yes,Women in 18th-century warfare
Women in warfare and the military (1750–99),yes,Women in 18th-century warfare
Women in warfare and the military (1900-1939),yes,Women in warfare and the military (1900–1945)
Women in warfare and the military (1900-1945),yes,Women in warfare and the military (1900–1945)
Women in warfare and the military (1900-39),yes,Women in warfare and the military (1900–1945)
Women in warfare and the military (1900-45),yes,Women in warfare and the military (1900–1945)
Women in warfare and the military (1900–1939),yes,Women in warfare and the military (1900–1945)
Women in warfare and the military (1900–1945),no,
Women in warfare and the military (1900–39),yes,Women in warfare and the military (1900–1945)
Women in warfare and the military (1900–45),yes,Women in warfare and the military (1900–1945)
Women in warfare and the military (1945-1999),yes,Women in warfare and the military (1945–1999)
Women in warfare and the military (1945-99),yes,Women in warfare and the military (1945–1999)
Women in warfare and the military (1945–1999),no,
Women in warfare and the military (1945–99),yes,Women in warfare and the military (1945–1999)
Women in warfare and the military (2000-present),yes,Women in warfare and the military (2000–present)
Women in warfare and the military (2000–present),no,
Women in warfare and the military in the 19th century,no,
Women in warfare and the military in the ancient era,yes,Women in ancient warfare
Women in warfare and the military in the early modern era,yes,Women in warfare (1500–1699)
Women in warfare and the military in the medieval era,yes,Women in post-classical warfare
Women in white,yes,Ladies in White
Women in workforce,yes,Women in the workforce
Women in world history: A biographical encyclopedia,yes,Women in World History
Women in world war 1,yes,Women in World War I
Women in world war II,yes,Women in World War II
Women in ww2,yes,Women in World War II
Women in yoga,yes,Yoga for women
